1101,tse
1102,tse
1103,tse
1104,tse
1108,tse
1109,tse
1110,tse
1201,tse
1203,tse
1210,tse
1213,tse
1215,tse
1216,tse
1217,tse
1218,tse
1219,tse
1220,tse
1225,tse
1227,tse
1229,tse
1231,tse
1232,tse
1233,tse
1234,tse
1235,tse
1236,tse
1240,otc
1256,tse
1258,otc
1259,otc
1264,otc
1268,otc
1301,tse
1303,tse
1304,tse
1305,tse
1307,tse
1308,tse
1309,tse
1310,tse
1312,tse
1313,tse
1314,tse
1315,tse
1316,tse
1319,tse
1321,tse
1323,tse
1324,tse
1325,tse
1326,tse
1336,otc
1337,tse
1338,tse
1339,tse
1340,tse
1341,tse
1342,tse
1402,tse
1409,tse
1410,tse
1413,tse
1414,tse
1416,tse
1417,tse
1418,tse
1419,tse
1423,tse
1432,tse
1434,tse
1436,tse
1437,tse
1438,tse
1439,tse
1440,tse
1441,tse
1442,tse
1443,tse
1444,tse
1445,tse
1446,tse
1447,tse
1449,tse
1451,tse
1452,tse
1453,tse
1454,tse
1455,tse
1456,tse
1457,tse
1459,tse
1460,tse
1463,tse
1464,tse
1465,tse
1466,tse
1467,tse
1468,tse
1470,tse
1471,tse
1472,tse
1473,tse
1474,tse
1475,tse
1476,tse
1477,tse
1503,tse
1504,tse
1506,tse
1512,tse
1513,tse
1514,tse
1515,tse
1516,tse
1517,tse
1519,tse
1521,tse
1522,tse
1524,tse
1525,tse
1526,tse
1527,tse
1528,tse
1529,tse
1530,tse
1531,tse
1532,tse
1533,tse
1535,tse
1536,tse
1537,tse
1538,tse
1539,tse
1540,tse
1541,tse
1558,tse
1560,tse
1565,otc
1568,tse
1569,otc
1570,otc
1580,otc
1582,tse
1583,tse
1584,otc
1586,otc
1587,tse
1589,tse
1590,tse
1591,otc
1592,tse
1593,otc
1595,otc
1597,tse
1598,tse
1599,otc
1603,tse
1604,tse
1605,tse
1608,tse
1609,tse
1611,tse
1612,tse
1614,tse
1615,tse
1616,tse
1617,tse
1618,tse
1626,tse
1701,tse
1702,tse
1707,tse
1708,tse
1709,tse
1710,tse
1711,tse
1712,tse
1713,tse
1714,tse
1717,tse
1718,tse
1720,tse
1721,tse
1722,tse
1723,tse
1725,tse
1726,tse
1727,tse
1730,tse
1731,tse
1732,tse
1733,tse
1734,tse
1735,tse
1736,tse
1737,tse
1742,otc
1752,tse
1760,tse
1762,tse
1773,tse
1776,tse
1777,otc
1781,otc
1783,tse
1784,otc
1785,otc
1786,tse
1788,otc
1789,tse
1795,tse
1796,otc
1799,otc
1802,tse
1805,tse
1806,tse
1808,tse
1809,tse
1810,tse
1813,otc
1815,otc
1817,tse
1903,tse
1904,tse
1905,tse
1906,tse
1907,tse
1909,tse
2002,tse
2006,tse
2007,tse
2008,tse
2009,tse
2010,tse
2012,tse
2013,tse
2014,tse
2015,tse
2017,tse
2020,tse
2022,tse
2023,tse
2024,tse
2025,tse
2027,tse
2028,tse
2029,tse
2030,tse
2031,tse
2032,tse
2033,tse
2034,tse
2035,otc
2038,tse
2049,tse
2059,tse
2061,otc
2062,tse
2063,otc
2064,otc
2065,otc
2066,otc
2067,otc
2069,tse
2070,otc
2101,tse
2102,tse
2103,tse
2104,tse
2105,tse
2106,tse
2107,tse
2108,tse
2109,tse
2114,tse
2115,tse
2201,tse
2204,tse
2206,tse
2207,tse
2208,tse
2211,tse
2221,otc
2227,tse
2228,tse
2230,otc
2231,tse
2233,tse
2235,otc
2236,tse
2239,tse
2241,tse
2243,tse
2247,tse
2250,tse
2301,tse
2302,tse
2303,tse
2305,tse
2308,tse
2312,tse
2313,tse
2314,tse
2316,tse
2317,tse
2321,tse
2323,tse
2324,tse
2327,tse
2328,tse
2329,tse
2330,tse
2331,tse
2332,tse
2337,tse
2338,tse
2340,tse
2342,tse
2344,tse
2345,tse
2347,tse
2348,tse
2349,tse
2351,tse
2352,tse
2353,tse
2354,tse
2355,tse
2356,tse
2357,tse
2358,tse
2359,tse
2360,tse
2362,tse
2363,tse
2364,tse
2365,tse
2367,tse
2368,tse
2369,tse
2371,tse
2373,tse
2374,tse
2375,tse
2376,tse
2377,tse
2379,tse
2380,tse
2382,tse
2383,tse
2385,tse
2387,tse
2388,tse
2390,tse
2392,tse
2393,tse
2395,tse
2397,tse
2399,tse
2401,tse
2402,tse
2404,tse
2405,tse
2406,tse
2408,tse
2409,tse
2412,tse
2413,tse
2414,tse
2415,tse
2417,tse
2419,tse
2420,tse
2421,tse
2423,tse
2424,tse
2425,tse
2426,tse
2427,tse
2428,tse
2429,tse
2430,tse
2431,tse
2433,tse
2434,tse
2436,tse
2438,tse
2439,tse
2440,tse
2441,tse
2442,tse
2443,tse
2444,tse
2449,tse
2450,tse
2451,tse
2453,tse
2454,tse
2455,tse
2457,tse
2458,tse
2459,tse
2460,tse
2461,tse
2462,tse
2464,tse
2465,tse
2466,tse
2467,tse
2468,tse
2471,tse
2472,tse
2474,tse
2476,tse
2477,tse
2478,tse
2480,tse
2481,tse
2482,tse
2483,tse
2484,tse
2485,tse
2486,tse
2488,tse
2489,tse
2491,tse
2492,tse
2493,tse
2495,tse
2496,tse
2497,tse
2498,tse
2501,tse
2504,tse
2505,tse
2506,tse
2509,tse
2511,tse
2514,tse
2515,tse
2516,tse
2520,tse
2524,tse
2527,tse
2528,tse
2530,tse
2534,tse
2535,tse
2536,tse
2537,tse
2538,tse
2539,tse
2540,tse
2542,tse
2543,tse
2545,tse
2546,tse
2547,tse
2548,tse
2596,otc
2597,tse
2601,tse
2603,tse
2605,tse
2606,tse
2607,tse
2608,tse
2609,tse
2610,tse
2611,tse
2612,tse
2613,tse
2614,tse
2615,tse
2616,tse
2617,tse
2618,tse
2630,tse
2633,tse
2634,tse
2636,tse
2637,tse
2640,otc
2641,otc
2642,tse
2643,otc
2701,tse
2702,tse
2704,tse
2705,tse
2706,tse
2707,tse
2712,tse
2718,otc
2719,otc
2722,tse
2723,tse
2724,otc
2726,otc
2727,tse
2729,otc
2731,tse
2732,otc
2734,otc
2736,otc
2739,tse
2740,otc
2743,otc
2745,otc
2748,tse
2752,otc
2753,tse
2754,otc
2755,otc
2756,otc
2801,tse
2809,tse
2812,tse
2816,tse
2820,tse
2832,tse
2834,tse
2836,tse
2838,tse
2841,tse
2845,tse
2849,tse
2850,tse
2851,tse
2852,tse
2855,tse
2867,tse
2880,tse
2881,tse
2882,tse
2883,tse
2884,tse
2885,tse
2886,tse
2887,tse
2888,tse
2889,tse
2890,tse
2891,tse
2892,tse
2897,tse
2901,tse
2903,tse
2904,tse
2905,tse
2906,tse
2908,tse
2910,tse
2911,tse
2912,tse
2913,tse
2915,tse
2916,otc
2923,tse
2924,otc
2926,otc
2929,tse
2937,otc
2939,tse
2945,tse
2947,otc
3002,tse
3003,tse
3004,tse
3005,tse
3006,tse
3008,tse
3010,tse
3011,tse
3013,tse
3014,tse
3015,tse
3016,tse
3017,tse
3018,tse
3019,tse
3021,tse
3022,tse
3023,tse
3024,tse
3025,tse
3026,tse
3027,tse
3028,tse
3029,tse
3030,tse
3031,tse
3032,tse
3033,tse
3034,tse
3035,tse
3036,tse
3037,tse
3038,tse
3040,tse
3041,tse
3042,tse
3043,tse
3044,tse
3045,tse
3046,tse
3047,tse
3048,tse
3049,tse
3050,tse
3051,tse
3052,tse
3054,tse
3055,tse
3056,tse
3057,tse
3058,tse
3059,tse
3060,tse
3062,tse
3064,otc
3066,otc
3067,otc
3071,otc
3073,otc
3078,otc
3081,otc
3083,otc
3085,otc
3086,otc
3088,otc
3089,otc
3090,tse
3092,tse
3093,otc
3094,tse
3095,otc
3105,otc
3114,otc
3115,otc
3118,otc
3122,otc
3128,otc
3130,tse
3131,otc
3138,tse
3141,otc
3147,otc
3149,tse
3152,otc
3162,otc
3163,otc
3164,tse
3167,tse
3169,otc
3171,otc
3176,otc
3178,otc
3188,otc
3189,tse
3191,otc
3202,otc
3205,otc
3206,otc
3207,otc
3209,tse
3211,otc
3213,otc
3217,otc
3218,otc
3219,otc
3221,otc
3224,otc
3226,otc
3227,otc
3228,otc
3229,tse
3230,otc
3231,tse
3232,otc
3234,otc
3236,otc
3252,otc
3257,tse
3259,otc
3260,otc
3264,otc
3265,otc
3266,tse
3268,otc
3272,otc
3276,otc
3284,otc
3285,otc
3287,otc
3288,otc
3289,otc
3290,otc
3293,otc
3294,otc
3296,tse
3297,otc
3303,otc
3305,tse
3306,otc
3308,tse
3310,otc
3311,tse
3312,tse
3313,otc
3317,otc
3321,tse
3322,otc
3323,otc
3324,otc
3325,otc
3332,otc
3338,tse
3339,otc
3346,tse
3349,otc
3354,otc
3356,tse
3357,otc
3360,otc
3362,otc
3363,otc
3372,otc
3373,otc
3374,otc
3376,tse
3379,otc
3380,tse
3383,tse
3388,otc
3390,otc
3402,otc
3406,tse
3413,tse
3416,tse
3419,tse
3426,otc
3432,tse
3434,otc
3437,tse
3438,otc
3441,otc
3443,tse
3444,otc
3450,tse
3454,tse
3455,otc
3465,otc
3466,otc
3479,otc
3481,tse
3483,otc
3484,otc
3489,otc
3490,otc
3491,otc
3492,otc
3494,tse
3498,otc
3499,otc
3501,tse
3504,tse
3508,otc
3511,otc
3512,otc
3515,tse
3516,otc
3518,tse
3520,otc
3521,otc
3522,otc
3523,otc
3526,otc
3527,otc
3528,tse
3529,otc
3530,tse
3531,otc
3532,tse
3533,tse
3535,tse
3536,tse
3537,otc
3540,otc
3541,otc
3543,tse
3545,tse
3546,otc
3548,otc
3550,tse
3551,otc
3552,otc
3555,otc
3556,otc
3557,tse
3558,otc
3563,tse
3564,otc
3567,otc
3570,otc
3576,tse
3577,otc
3580,otc
3581,otc
3583,tse
3587,otc
3588,tse
3591,tse
3592,tse
3593,tse
3594,otc
3596,tse
3597,otc
3605,tse
3607,tse
3609,otc
3611,otc
3615,otc
3617,tse
3622,tse
3623,otc
3624,otc
3625,otc
3628,otc
3629,otc
3630,otc
3631,otc
3632,otc
3642,otc
3645,tse
3646,otc
3652,otc
3653,tse
3661,tse
3663,otc
3664,otc
3665,tse
3666,otc
3669,tse
3672,otc
3673,tse
3675,otc
3679,tse
3680,otc
3682,tse
3684,otc
3685,otc
3686,tse
3687,otc
3689,otc
3691,otc
3693,otc
3694,tse
3701,tse
3702,tse
3703,tse
3704,tse
3705,tse
3706,tse
3707,otc
3708,tse
3709,otc
3710,otc
3711,tse
3712,tse
3713,otc
3714,tse
4102,otc
4104,tse
4105,otc
4106,tse
4107,otc
4108,tse
4109,otc
4111,otc
4113,otc
4114,otc
4116,otc
4119,tse
4120,otc
4121,otc
4123,otc
4126,otc
4127,otc
4128,otc
4129,otc
4130,otc
4131,otc
4133,tse
4137,tse
4138,otc
4139,otc
4142,tse
4147,otc
4153,otc
4154,otc
4155,tse
4157,otc
4160,otc
4161,otc
4162,otc
4163,otc
4164,tse
4167,otc
4168,otc
4171,otc
4173,otc
4174,otc
4175,otc
4183,otc
4188,otc
4190,tse
4192,otc
4198,otc
4205,otc
4207,otc
4303,otc
4304,otc
4305,otc
4306,tse
4401,otc
4402,otc
4406,otc
4413,otc
4416,otc
4417,otc
4419,otc
4420,otc
4426,tse
4430,otc
4432,otc
4433,otc
4438,tse
4439,tse
4440,tse
4502,otc
4503,otc
4506,otc
4510,otc
4513,otc
4523,otc
4526,tse
4527,otc
4528,otc
4529,otc
4530,otc
4532,tse
4533,otc
4534,otc
4535,otc
4536,tse
4538,otc
4540,tse
4541,otc
4542,otc
4543,otc
4545,tse
4549,otc
4550,otc
4551,tse
4552,tse
4554,otc
4555,tse
4556,otc
4557,tse
4558,otc
4560,tse
4561,otc
4562,tse
4563,otc
4564,tse
4566,tse
4568,otc
4571,tse
4572,tse
4576,tse
4577,otc
4580,otc
4581,tse
4583,tse
4609,otc
4702,otc
4706,otc
4707,otc
4711,otc
4712,otc
4714,otc
4716,otc
4720,tse
4721,otc
4722,tse
4726,otc
4728,otc
4729,otc
4735,otc
4736,otc
4737,tse
4739,tse
4741,otc
4743,otc
4744,otc
4745,otc
4746,tse
4747,otc
4754,otc
4755,tse
4760,otc
4763,tse
4764,tse
4766,tse
4767,otc
4768,otc
4770,tse
4804,otc
4806,otc
4807,tse
4903,otc
4904,tse
4905,otc
4906,tse
4907,otc
4908,otc
4909,otc
4911,otc
4912,tse
4915,tse
4916,tse
4919,tse
4923,otc
4924,otc
4927,tse
4930,tse
4931,otc
4933,otc
4934,tse
4935,tse
4938,tse
4939,otc
4942,tse
4943,tse
4944,otc
4945,otc
4946,otc
4950,otc
4952,tse
4953,otc
4956,tse
4958,tse
4960,tse
4961,tse
4966,otc
4967,tse
4968,tse
4971,otc
4972,otc
4973,otc
4974,otc
4976,tse
4977,tse
4979,otc
4987,otc
4989,tse
4991,otc
4994,tse
4995,otc
4999,tse
5007,tse
5009,otc
5011,otc
5013,otc
5014,otc
5015,otc
5016,otc
5201,otc
5202,otc
5203,tse
5205,otc
5206,otc
5209,otc
5210,otc
5211,otc
5212,otc
5213,otc
5215,tse
5220,otc
5222,tse
5223,otc
5225,tse
5227,otc
5228,otc
5230,otc
5234,tse
5236,otc
5243,tse
5244,tse
5245,otc
5251,otc
5258,tse
5263,otc
5269,tse
5272,otc
5274,otc
5276,otc
5278,otc
5281,otc
5283,tse
5284,tse
5285,tse
5287,otc
5288,tse
5289,otc
5291,otc
5299,otc
5301,otc
5302,otc
5306,tse
5309,otc
5310,otc
5312,otc
5314,otc
5315,otc
5321,otc
5324,otc
5328,otc
5340,otc
5344,otc
5345,otc
5347,otc
5348,otc
5351,otc
5353,otc
5355,otc
5356,otc
5364,otc
5371,otc
5381,otc
5383,otc
5386,otc
5388,tse
5392,otc
5398,otc
5403,otc
5410,otc
5425,otc
5426,otc
5432,otc
5434,tse
5438,otc
5439,otc
5443,otc
5450,otc
5452,otc
5455,otc
5457,otc
5460,otc
5464,otc
5465,otc
5468,otc
5469,tse
5471,tse
5474,otc
5475,otc
5478,otc
5481,otc
5483,otc
5484,tse
5487,otc
5488,otc
5489,otc
5490,otc
5493,otc
5498,otc
5508,otc
5511,otc
5512,otc
5514,otc
5515,tse
5516,otc
5519,tse
5520,otc
5521,tse
5522,tse
5523,otc
5525,tse
5529,otc
5530,otc
5531,tse
5533,tse
5534,tse
5536,otc
5538,tse
5543,otc
5546,tse
5601,otc
5603,otc
5604,otc
5607,tse
5608,tse
5609,otc
5701,otc
5703,otc
5704,otc
5706,tse
5820,otc
5864,otc
5871,tse
5876,tse
5878,otc
5880,tse
5902,otc
5903,otc
5904,otc
5905,otc
5906,tse
5907,tse
6005,tse
6015,otc
6016,otc
6020,otc
6021,otc
6023,otc
6024,tse
6026,otc
6101,otc
6103,otc
6104,otc
6108,tse
6109,otc
6111,otc
6112,tse
6113,otc
6114,otc
6115,tse
6116,tse
6117,tse
6118,otc
6120,tse
6121,otc
6122,otc
6123,otc
6124,otc
6125,otc
6126,otc
6127,otc
6128,tse
6129,otc
6130,otc
6133,tse
6134,otc
6136,tse
6138,otc
6139,tse
6140,otc
6141,tse
6142,tse
6143,otc
6144,otc
6146,otc
6147,otc
6148,otc
6150,otc
6151,otc
6152,tse
6153,tse
6154,otc
6155,tse
6156,otc
6158,otc
6160,otc
6161,otc
6163,otc
6164,tse
6165,tse
6166,tse
6167,otc
6168,tse
6169,otc
6170,otc
6171,otc
6173,otc
6174,otc
6175,otc
6176,tse
6177,tse
6179,otc
6180,otc
6182,otc
6183,tse
6184,tse
6185,otc
6186,otc
6187,otc
6188,otc
6189,tse
6190,otc
6191,tse
6192,tse
6194,otc
6195,otc
6196,tse
6197,tse
6198,otc
6199,otc
6201,tse
6202,tse
6203,otc
6204,otc
6205,tse
6206,tse
6207,otc
6208,otc
6209,tse
6210,otc
6212,otc
6213,tse
6214,tse
6215,tse
6216,tse
6217,otc
6218,otc
6219,otc
6220,otc
6221,otc
6222,otc
6223,otc
6224,tse
6225,tse
6226,tse
6227,otc
6228,otc
6229,otc
6230,tse
6231,otc
6233,otc
6234,otc
6235,tse
6236,otc
6237,otc
6239,tse
6240,otc
6241,otc
6242,otc
6243,tse
6244,otc
6245,otc
6246,otc
6247,otc
6248,otc
6257,tse
6259,otc
6261,otc
6263,otc
6264,otc
6265,otc
6266,otc
6269,tse
6270,otc
6271,tse
6274,otc
6275,otc
6276,otc
6277,tse
6278,tse
6279,otc
6281,tse
6282,tse
6283,tse
6284,otc
6285,tse
6287,otc
6288,tse
6290,otc
6291,otc
6292,otc
6294,otc
6404,otc
6405,tse
6409,tse
6411,otc
6412,tse
6414,tse
6415,tse
6416,tse
6417,otc
6418,otc
6419,otc
6425,otc
6426,tse
6431,tse
6432,otc
6435,otc
6438,tse
6441,otc
6442,tse
6443,tse
6446,otc
6449,tse
6451,tse
6456,tse
6457,otc
6461,otc
6462,otc
6464,tse
6465,otc
6469,otc
6470,otc
6472,otc
6477,tse
6482,otc
6485,otc
6486,otc
6488,otc
6491,tse
6492,otc
6494,otc
6496,otc
6499,otc
6504,tse
6505,tse
6506,otc
6508,otc
6509,otc
6510,otc
6512,otc
6514,otc
6515,tse
6516,otc
6523,otc
6525,tse
6527,otc
6530,otc
6531,tse
6532,otc
6533,tse
6535,otc
6538,otc
6541,tse
6542,otc
6546,otc
6547,otc
6548,otc
6550,tse
6552,tse
6556,otc
6558,tse
6560,otc
6561,otc
6568,otc
6569,otc
6570,otc
6573,tse
6574,otc
6576,otc
6577,otc
6578,otc
6579,tse
6581,tse
6582,tse
6585,tse
6588,otc
6589,otc
6590,otc
6591,tse
6592,tse
6593,otc
6594,otc
6596,otc
6598,tse
6603,otc
6605,tse
6609,otc
6612,otc
6613,otc
6615,otc
6616,otc
6624,otc
6625,tse
6629,otc
6640,otc
6641,tse
6642,otc
6643,otc
6649,otc
6651,otc
6654,otc
6655,tse
6661,otc
6662,otc
6664,otc
6666,tse
6667,otc
6668,tse
6669,tse
6670,tse
6671,tse
6672,tse
6674,tse
6679,otc
6680,otc
6683,otc
6684,otc
6690,otc
6691,tse
6693,otc
6697,otc
6698,tse
6703,otc
6706,tse
6712,otc
6715,tse
6716,otc
6719,tse
6721,otc
6727,otc
6728,otc
6732,otc
6733,otc
6735,otc
6741,otc
6743,tse
6747,otc
6751,otc
6752,otc
6754,tse
6756,tse
6761,otc
6762,otc
6763,otc
6767,otc
6768,tse
6770,tse
6776,tse
6781,tse
6788,otc
6789,tse
6790,tse
6792,tse
6796,tse
6799,tse
6803,otc
6804,otc
6806,tse
6807,tse
6823,otc
6829,otc
6865,otc
7402,otc
7556,otc
8011,tse
8016,tse
8021,tse
8024,otc
8027,otc
8028,tse
8032,otc
8033,tse
8034,otc
8038,otc
8039,tse
8040,otc
8042,otc
8043,otc
8044,otc
8046,tse
8047,otc
8048,otc
8049,otc
8050,otc
8054,otc
8059,otc
8064,otc
8066,otc
8067,otc
8068,otc
8069,otc
8070,tse
8071,otc
8072,tse
8074,otc
8076,otc
8077,otc
8080,otc
8081,tse
8083,otc
8084,otc
8085,otc
8086,otc
8087,otc
8088,otc
8089,otc
8091,otc
8092,otc
8093,otc
8096,otc
8097,otc
8099,otc
8101,tse
8103,tse
8104,tse
8105,tse
8107,otc
8109,otc
8110,tse
8111,otc
8112,tse
8114,tse
8121,otc
8131,tse
8147,otc
8150,tse
8155,otc
8163,tse
8171,otc
8176,otc
8182,otc
8183,otc
8201,tse
8210,tse
8213,tse
8215,tse
8222,tse
8234,otc
8240,otc
8249,tse
8255,otc
8261,tse
8271,tse
8277,otc
8279,otc
8284,otc
8289,otc
8291,otc
8299,otc
8341,tse
8342,otc
8349,otc
8354,otc
8358,otc
8367,tse
8374,tse
8383,otc
8390,otc
8401,otc
8403,otc
8404,tse
8409,otc
8410,otc
8411,tse
8415,otc
8416,otc
8418,otc
8420,otc
8421,otc
8422,tse
8423,otc
8424,otc
8426,otc
8429,tse
8431,otc
8432,otc
8433,otc
8435,otc
8436,otc
8437,otc
8438,tse
8440,otc
8442,tse
8443,tse
8444,otc
8446,otc
8450,otc
8454,tse
8455,otc
8462,tse
8463,tse
8464,tse
8466,tse
8467,tse
8472,otc
8473,tse
8476,otc
8477,otc
8478,tse
8481,tse
8482,tse
8488,tse
8489,otc
8499,tse
8905,otc
8906,otc
8908,otc
8916,otc
8917,otc
8921,otc
8923,otc
8924,otc
8926,tse
8927,otc
8928,otc
8929,otc
8930,otc
8931,otc
8932,otc
8933,otc
8935,otc
8936,otc
8937,otc
8938,otc
8940,tse
8941,otc
8942,otc
8996,tse
9802,tse
9902,tse
9904,tse
9905,tse
9906,tse
9907,tse
9908,tse
9910,tse
9911,tse
9912,tse
9914,tse
9917,tse
9918,tse
9919,tse
9921,tse
9924,tse
9925,tse
9926,tse
9927,tse
9928,tse
9929,tse
9930,tse
9931,tse
9933,tse
9934,tse
9935,tse
9937,tse
9938,tse
9939,tse
9940,tse
9941,tse
9942,tse
9943,tse
9944,tse
9945,tse
9946,tse
9949,otc
9950,otc
9951,otc
9955,tse
9958,tse
9960,otc
9962,otc
